"";"profissionais";"DS_REGRA"
"1";"223115";"Médico clínico"
"2";"223116";"Médico de saúde da família"
"3";"223124";"Médico em radiologia e diagnóstico por imagem"
"4";"223149";"Médico pediatra"
"5";"2232B1";"Cirurgião dentista de saúde da família"
"6";"223505";"Enfermeiro"
"7";"2235C1";"Enfermeiro saúde da familia"
"8";"223605";"Fisioterapeuta geral"
"9";"223710";"Nutricionista"
"10";"224105";"Avaliador físico"
"11";"224120";"Preparador físico"
"12";"251605";"Assistente social"
"13";"322205";"Técnico de enfermagem"
"14";"322230";"Auxiliar de enfermagem"
"15";"3222E1";"Técnico de enfermagem de saúde da família"
"16";"3222E2";"Auxiliar de enfermagem de saúde da família"
"17";"3224F2";"Auxiliar de consultório dentário de saúde da família"
"18";"324210";"Auxiliar técnico em patologia clínica"
"19";"352210";"Agente de saúde pública"
"20";"411010";"Assistente administrativo"
"21";"515105";"Agente comunitário de saúde"
"22";"515115";"Parteira leiga"
"23";"515120";"Visitador sanitário"
"24";"515215";"Auxiliar de laboratório de análises clínicas"
"25";"516345";"Auxiliar de lavanderia"
"26";"223410";"Farmacêutico bioquímico"
"27";"324115";"Técnico em radiologia e imagenologia"
"28";"411005";"Auxiliar de escritório, em geral"
"29";"412110";"Digitador"
"30";"514105";"Ascensorista"
"31";"521130";"Atendente de farmácia - balconista"
"32";"221105";"Biólogo"
"33";"221205";"Biomédico"
"34";"223104";"Médico anestesiologista"
"35";"223106";"Médico cardiologista"
"36";"223110";"Médico cirurgião geral"
"37";"223132";"Médico ginecologista e obstetra"
"38";"223146";"Médico ortopedista e traumatologista"
"39";"223208";"Cirurgião dentista - clínico geral"
"40";"223305";"Médico veterinário"
"41";"223520";"Enfermeiro de centro cirúrgico"
"42";"2235C2";"Enfermeiro da estratégia de agente comunitário de saúde"
"43";"231315";"Professor de educação física do ensino fundamental"
"44";"251510";"Psicólogo clínico"
"45";"252105";"Administrador"
"46";"322415";"Auxiliar em saúde bucal"
"47";"324205";"Técnico em patologia clínica"
"48";"325105";"Auxiliar técnico em laboratório de farmácia"
"49";"131210";"Gerente de serviços de saúde"
"50";"142105";"Gerente administrativo"
"51";"142205";"Gerente de recursos humanos"
"52";"142505";"Gerente de rede"
"53";"223118";"Médico do trabalho"
"54";"223128";"Médico gastroenterologista"
"55";"223134";"Médico hemoterapeuta"
"56";"223136";"Médico infectologista"
"57";"223144";"Médico oftalmologista"
"58";"223147";"Médico otorrinolaringologista"
"59";"223151";"Médico pneumologista"
"60";"223153";"Médico psiquiatra"
"61";"223157";"Médico urologista"
"62";"223232";"Cirurgião dentista - odontologista legal"
"63";"223240";"Cirurgião dentista - ortopedista e ortodontista"
"64";"223260";"Cirurgião dentista - radiologista"
"65";"223268";"Cirurgião dentista - traumatologista bucomaxilofacial"
"66";"223405";"Farmacêutico"
"67";"223545";"Enfermeiro obstétrico"
"68";"223810";"Fonoaudiólogo"
"69";"251520";"Psicólogo hospitalar"
"70";"254310";"Agente de higiene e segurança"
"71";"263105";"Ministro de culto religioso"
"72";"313220";"Técnico em manutenção de equipamentos de informática"
"73";"322235";"Auxiliar de enfermagem do trabalho"
"74";"322505";"Técnico de ortopedia"
"75";"325110";"Técnico em laboratório de farmácia"
"76";"351105";"Técnico de contabilidade"
"77";"351305";"Técnico em administração"
"78";"410205";"Supervisor de almoxarifado"
"79";"411030";"Auxiliar de pessoal"
"80";"411035";"Auxiliar de estatística"
"81";"412105";"Datilógrafo"
"82";"413115";"Auxiliar de faturamento"
"83";"414105";"Almoxarife"
"84";"415105";"Arquivista de documentos"
"85";"422105";"Recepcionista, em geral"
"86";"422110";"Recepcionista de consultório médico ou dentário"
"87";"422205";"Telefonista"
"88";"510125";"Chefe de cozinha"
"89";"510205";"Supervisor de lavanderia"
"90";"513220";"Cozinheiro de hospital"
"91";"513430";"Copeiro de hospital"
"92";"514210";"Faxineiro"
"93";"515110";"Atendente de enfermagem"
"94";"515225";"Auxiliar de produção farmacêutica"
"95";"5152A1";"Microscopista"
"96";"516340";"Atendente de lavanderia"
"97";"516405";"Lavador de roupas"
"98";"715210";"Pedreiro"
"99";"732105";"Eletricista de manutenção de linhas elétricas, telefônicas e de comunicação de dados"
"100";"760310";"Encarregado de costura na confecção do vestuário"
"101";"763015";"Costureira de reparação de roupas"
"102";"766420";"Auxiliar de radiologia (revelação fotográfica)"
"103";"782305";"Motorista de carro de passeio"
"104";"783225";"Ajudante de motorista"
"105";"841416";"Cozinhador de carnes"
"106";"841420";"Cozinhador de frutas e legumes"
"107";"991405";"Trabalhador da manutenção de edificações"
"108";"2231F9";"Médico residente"
"109";"514120";"Zelador de edifício"
"110";"715615";"Eletricista de instalações"
"111";"782310";"Motorista de furgão ou veículo similar"
"112";"3522G1";"Agente indígena de saúde"
"113";"513205";"Cozinheiro geral"
"114";"517420";"Vigia"
"115";"223129";"Médico generalista"
"116";"301110";"Técnico de laboratório de análises físico-químicas (materiais de construção)"
"117";"322215";"Técnico de enfermagem do trabalho"
"118";"121005";"Diretor de planejamento estratégico"
"119";"123105";"Diretor administrativo"
"120";"223212";"Cirurgião dentista - endodontista"
"121";"223248";"Cirurgião dentista - periodontista"
"122";"223252";"Cirurgião dentista - protesiólogo bucomaxilofacial"
"123";"223256";"Cirurgião dentista - protesista"
"124";"223560";"Enfermeiro sanitarista"
"125";"223630";"Fisioterapeuta neurofuncional"
"126";"322410";"Protético dentário"
"127";"3224F1";"Técnico de higiene dental de saúde da família"
"128";"325115";"Técnico em farmácia"
"129";"517410";"Porteiro de edifícios"
"130";"517415";"Porteiro de locais de diversão"
"131";"763105";"Auxiliar de corte (preparação da confecção de roupas)"
"132";"910105";"Encarregado de manutenção mecânica de sistemas operacionais"
"133";"142210";"Gerente de departamento pessoal"
"134";"142510";"Gerente de desenvolvimento de sistemas"
"135";"142705";"Gerente de projetos e serviços de manutenção"
"136";"212315";"Administrador de sistemas operacionais"
"137";"212405";"Analista de desenvolvimento de sistemas"
"138";"212410";"Analista de redes e de comunicação de dados"
"139";"213155";"Físico (nuclear e reatores)"
"140";"223101";"Médico acupunturista"
"141";"223102";"Médico alergista e imunologista"
"142";"223103";"Médico anatomopatologista"
"143";"223105";"Médico angiologista"
"144";"223107";"Médico cirurgião cardiovascular"
"145";"223108";"Médico cirurgião de cabeça e pescoço"
"146";"223109";"Médico cirurgião do aparelho digestivo"
"147";"223111";"Médico cirurgião pediátrico"
"148";"223112";"Médico cirurgião plástico"
"149";"223113";"Médico cirurgião torácico"
"150";"223114";"Médico citopatologista"
"151";"223117";"Médico dermatologista"
"152";"223120";"Médico em endoscopia"
"153";"223122";"Médico em medicina intensiva"
"154";"223125";"Médico endocrinologista e metabologista"
"155";"223131";"Médico geriatra"
"156";"223133";"Médico hematologista"
"157";"223135";"Médico homeopata"
"158";"223137";"Médico legista"
"159";"223138";"Médico mastologista"
"160";"223139";"Médico nefrologista"
"161";"223140";"Médico neurocirurgião"
"162";"223141";"Médico neurofisiologista"
"163";"223142";"Médico neurologista"
"164";"223145";"Médico oncologista"
"165";"223148";"Médico patologista clínico"
"166";"223152";"Médico proctologista"
"167";"223154";"Médico radioterapeuta"
"168";"223155";"Médico reumatologista"
"169";"2231A2";"Médico hansenologista"
"170";"2231F3";"Médico cirurgião vascular"
"171";"2231F4";"Médico cancerologista pediátrico"
"172";"2231F5";"Médico cancerologista cirúrgico"
"173";"2231F6";"Médico cancerologista clínico"
"174";"223216";"Cirurgião dentista - epidemiologista"
"175";"223224";"Cirurgião dentista - implantodontista"
"176";"223236";"Cirurgião dentista - odontopediatra"
"177";"223272";"Cirurgião dentista de saúde coletiva"
"178";"223525";"Enfermeiro de terapia intensiva"
"179";"223535";"Enfermeiro nefrologista"
"180";"223540";"Enfermeiro neonatologista"
"181";"223550";"Enfermeiro psiquiátrico"
"182";"223555";"Enfermeiro puericultor e pediátrico"
"183";"223625";"Fisioterapeuta respiratória"
"184";"223635";"Fisioterapeuta traumato-ortopédica funcional"
"185";"223905";"Terapeuta ocupacional"
"186";"231205";"Professor da educação de jovens e adultos do ensino fundamental (primeira a quarta série)"
"187";"232110";"Professor de biologia no ensino médio"
"188";"233120";"Professor de técnicas comerciais e secretariais"
"189";"234210";"Professor de química (ensino superior)"
"190";"234455";"Professor de terapia ocupacional"
"191";"239415";"Pedagogo"
"192";"239425";"Psicopedagogo"
"193";"251120";"Sociólogo"
"194";"251205";"Economista"
"195";"251540";"Psicólogo do trabalho"
"196";"252210";"Contador"
"197";"252305";"Secretária executiva"
"198";"261125";"Jornalista"
"199";"262830";"Professor de dança"
"200";"322105";"Técnico em acupuntura"
"201";"322225";"Instrumentador cirúrgico"
"202";"322405";"Técnico em saúde bucal"
"203";"322420";"Auxiliar de prótese dentária"
"204";"331105";"Professor de nível médio na educação infantil"
"205";"331110";"Auxiliar de desenvolvimento infantil"
"206";"351605";"Técnico em segurança no trabalho"
"207";"510310";"Supervisor de vigilantes"
"208";"512105";"Empregado doméstico nos serviços gerais"
"209";"512120";"Empregado doméstico diarista"
"210";"513425";"Copeiro"
"211";"513435";"Atendente de lanchonete"
"212";"5151H1";"Cuidador em saúde"
"213";"515205";"Auxiliar de banco de sangue"
"214";"515210";"Auxiliar de farmácia de manipulação"
"215";"517330";"Vigilante"
"216";"519110";"Motociclista no transporte de documentos e pequenos volumes"
"217";"622305";"Trabalhador na olericultura (frutos e sementes)"
"218";"622310";"Trabalhador na olericultura (legumes)"
"219";"717020";"Servente de obras"
"220";"833205";"Cartonageiro, a mão (caixas de papelão)"
"221";"841408";"Cozinhador (conservação de alimentos)"
"222";"910115";"Supervisor de manutenção de bombas, motores, compressores e equipamentos de transmissão"
"223";"1999A1";NA
"224";"516305";"Lavadeiro, em geral"
"225";"111220";"Secretário-Executivo"
"226";"131205";"Diretor de serviços de saúde"
"227";"123110";"Diretor administrativo e financeiro"
"228";"212305";"Administrador de banco de dados"
"229";"223130";"Médico geneticista"
"230";"223276";"Cirurgião dentista - odontologia do trabalho"
"231";"317205";"Operador de computador (inclusive microcomputador)"
"232";"514320";"Faxineiro"
"233";"2231F7";"Médico em medicina de família e comunidade"
"234";"223284";"Cirurgião dentista - disfunção temporomandibular e dor orofacial"
"235";"251545";"Neuropsicólogo"
"236";"513505";"Auxiliar nos serviços de alimentação"
"237";"514325";"Trabalhador da manutenção de edificações"
"238";"111510";"Analista de planejamento e orçamento - APO"
"239";"142415";"Gerente de almoxarifado"
"240";"111415";"Dirigente do serviço público municipal"
"241";"325210";"Técnico em nutrição e dietética"
"242";"371105";"Auxiliar de biblioteca"
"243";"413110";"Auxiliar de contabilidade"
"244";"516335";"Conferente-expedidor de roupas (lavanderias)"
"245";"312210";"Técnico de saneamento"
"246";"411045";"Auxiliar de serviços de importação e exportação"
"247";"223655";"Fisioterapeuta esportivo"
"248";"513210";"Cozinheiro do serviço doméstico"
"249";"341230";"Piloto fluvial"
"250";"3522G2";"Agente indígena de saneamento"
"251";"322305";"Técnico em óptica e optometria"
"252";"123115";"Diretor financeiro"
"253";"142405";"Gerente de compras"
"254";"622320";"Trabalhador na olericultura (talos, folhas e flores)"
"255";"915305";"Técnico em manutenção de equipamentos e instrumentos médico-hospitalares"
"256";"261305";"Arquivista"
"257";"223126";"Médico fisiatra"
"258";"212310";"Administrador de redes"
"259";"223123";"Médico em medicina nuclear"
"260";"223264";"Cirurgião dentista - reabilitador oral"
"261";"223530";"Enfermeiro do trabalho"
"262";"223650";"Fisioterapeuta acupunturista"
"263";"239205";"Professor de alunos com deficiência auditiva e surdos"
"264";"3135D2";"Técnico em equipamento médico hospitalar"
"265";"322220";"Técnico de enfermagem psiquiátrica"
"266";"3222B3";"Socorrista habilitado"
"267";"324110";"Técnico em métodos gráficos em cardiologia"
"268";"223156";"Médico sanitarista"
"269";"1999A2";NA
"270";"239220";"Professor de alunos com deficiência múltipla"
"271";"234410";"Professor de educação física no ensino superior"
"272";"251505";"Psicólogo educacional"
"273";"318005";"Desenhista técnico"
"274";"203015";"Pesquisador em biologia de microorganismos e parasitas"
"275";"203525";"Pesquisador em psicologia"
"276";"214915";"Engenheiro de segurança do trabalho"
"277";"222110";"Engenheiro agrônomo"
"278";"223143";"Médico nutrologista"
"279";"223150";"Médico perito"
"280";"2231A1";"Médico broncoesofalogista"
"281";"223204";"Cirurgião dentista - auditor"
"282";"223220";"Cirurgião dentista - estomatologista"
"283";"223244";"Cirurgião dentista - patologista bucal"
"284";"223280";"Cirurgião dentista - dentística"
"285";"223510";"Enfermeiro auditor"
"286";"224125";"Técnico de desporto individual e coletivo (exceto futebol)"
"287";"239405";"Coordenador pedagógico"
"288";"241005";"Advogado"
"289";"251530";"Psicólogo social"
"290";"251535";"Psicólogo do trânsito"
"291";"253105";"Relações públicas"
"292";"3135D1";"Técnico em reabilitação"
"293";"322115";"Técnico em quiropraxia"
"294";"322210";"Técnico de enfermagem de terapia intensiva"
"295";"322605";"Técnico de imobilização ortopédica"
"296";"324105";"Técnico em métodos eletrográficos em encefalografia"
"297";"515220";"Auxiliar de laboratório de imunobiológicos"
"298";"371410";"Recreador"
"299";"412205";"Contínuo"
"300";"239210";"Professor de alunos com deficiência física"
"301";"223127";"Médico foniatra"
"302";"254410";"Fiscal de tributos municipal"
"303";"223310";"Zootecnista"
"304";"412120";"Supervisor de digitação e operação"
"305";"252205";"Auditor (contadores e afins)"
"306";"223288";"Cirurgião dentista - odontologia para pacientes com necessidades especiais"
"307";"752105";"Artesão modelador (vidros)"
"308";"253205";"Gerente de captação (fundos e investimentos institucionais)"
"309";"234415";"Professor de enfermagem do ensino superior"
"310";"410105";"Supervisor administrativo"
"311";"519305";"Auxiliar de veterinário"
"312";"214205";"Engenheiro civil"
"313";"239225";"Professor de alunos com deficiência visual"
"314";"342305";"Chefe de serviço de transporte rodoviário (passageiros e cargas)"
"315";"391205";"Inspetor de qualidade"
"316";"992225";"Auxiliar geral de conservação de vias permanentes (exceto trilhos)"
"317";"314405";"Técnico de manutenção de sistemas e instrumentos"
"318";"517215";"Guarda-civil municipal"
"319";"515315";"Monitor de dependente químico"
"320";"239215";"Professor de alunos com deficiência mental"
"321";"2236I1";"Técnico em orientação e mobilidade de cegos e deficientes visuais"
"322";"322240";"Auxiliar de saúde (navegação marítima)"
"323";"951105";"Eletricista de manutenção eletroeletrônica"
"324";"715505";"Carpinteiro"
"325";"768305";"Artífice do couro"
"326";"223615";"Ortoptista"
"327";"782415";"Motorista de trólebus"
"328";"141205";"Gerente de produção e operações"
"329";"141615";"Gerente de logística (armazenagem e distribuição)"
"330";"142115";"Gerente financeiro"
"331";"142315";"Gerente de marketing"
"332";"203305";"Pesquisador de clínica médica"
"333";"211205";"Estatístico"
"334";"212420";"Analista de suporte computacional"
"335";"213205";"Químico"
"336";"214365";"Tecnólogo em eletrônica"
"337";"223119";"Médico em eletroencefalografia"
"338";"223121";"Médico em medicina de tráfego"
"339";"223228";"Cirurgião dentista - odontogeriatra"
"340";"223705";"Dietista"
"341";"232120";"Professor de educação física no ensino médio"
"342";"241020";"Advogado (direito público)"
"343";"251225";"Economista do setor público"
"344";"251525";"Psicólogo jurídico"
"345";"252405";"Analista de recursos humanos"
"346";"261110";"Assessor de imprensa"
"347";"261205";"Bibliotecário"
"348";"311105";"Técnico químico"
"349";"313125";"Técnico de manutenção elétrica de máquina"
"350";"313130";"Técnico eletricista"
"351";"313210";"Técnico de manutenção eletrônica (circuitos de máquinas com comando numérico)"
"352";"313215";"Técnico eletrônico"
"353";"314410";"Técnico em manutenção de máquinas"
"354";"317210";"Técnico de apoio ao usuário de informática (helpdesk)"
"355";"325205";"Técnico de alimentos"
"356";"351110";"Chefe de contabilidade (técnico)"
"357";"354205";"Comprador"
"358";"375105";"Designer de interiores"
"359";"391130";"Técnico de planejamento e programação da manutenção"
"360";"413225";"Escriturário de banco"
"361";"420125";"Supervisor de recepcionistas"
"362";"421125";"Operador de caixa"
"363";"422115";"Recepcionista de seguro saúde"
"364";"424125";"Escriturário em estatística"
"365";"514310";"Auxiliar de manutenção predial"
"366";"521115";"Promotor de vendas"
"367";"622010";"Jardineiro"
"368";"761430";"Operador de máquina de lavar fios e tecidos"
"369";"766405";"Laboratorista fotográfico"
"370";"771105";"Marceneiro"
"371";"782510";"Motorista de caminhão (rotas regionais e internacionais)"
"372";"862150";"Operador de máquinas fixas, em geral"
"373";"224115";"Preparador de atleta"
"374";"239410";"Orientador educacional"
"375";"123605";"Diretor de serviços de informática"
"376";"010210";"Oficial do Exército"
"377";"010310";"Praça do Exército"
"378";"715525";"Carpinteiro de obras"
"379";"261805";"Fotógrafo"
"380";"516115";"Esteticista"
"381";"715610";"Eletricista de instalações (edifícios)"
"382";"516110";"Cabeleireiro"
"383";"313305";"Técnico de comunicação de dados"
"384";"514110";"Garagista"
"385";"262405";"Artista (artes visuais)"
"386";"512115";"Empregado doméstico faxineiro"
"387";"261215";"Analista de informações (pesquisador de informações de rede)"
"388";"234745";"Professor de história do ensino superior"
"389";"262410";"Desenhista industrial (designer)"
"390";"312105";"Técnico de obras civis"
"391";"422220";"Operador de rádio-chamada"
"392";"352310";"Agente fiscal de qualidade"
"393";"123205";"Diretor de recursos humanos"
"394";"314210";"Técnico mecânico na manutenção de ferramentas"
"395";"514225";"Trabalhador de serviços de limpeza e conservação de áreas públicas"
"396";"818105";"Assistente de laboratório industrial"
"397";"232165";"Professor de química no ensino médio"
"398";"234624";"Professor de língua portuguesa"
"399";"214215";"Engenheiro civil (edificações)"
"400";"121010";"Diretor geral de empresa e organizações (exceto de interesse público)"
"401";"123305";"Diretor comercial"
"402";"322120";"Massoterapeuta"
"403";"516135";"Massagista"
"404";"212415";"Analista de sistemas de automação"
"405";"224130";"Técnico de laboratório e fiscalização desportiva"
"406";"352205";"Agente de defesa ambiental"
"407";"131120";"Gerente de serviços sociais"
"408";"420110";"Supervisor de cobrança"
"409";"763210";"Costureiro na confecção em série"
"410";"251550";"Psicanalista"
"411";"214505";"Engenheiro químico"
"412";"333110";"Instrutor de cursos livres"
"413";"203005";"Pesquisador em biologia ambiental"
"414";"142530";"Gerente de suporte técnico de tecnologia da informação"
"415";"317110";"Programador de sistemas de informação"
"416";"234420";"Professor de farmácia e bioquímica"
"417";"234910";"Professor de artes visuais no ensino superior (artes plásticas e multimídia)"
"418";"262620";"Musicólogo"
"419";"422305";"Operador de telemarketing ativo"
"420";"422310";"Operador de telemarketing ativo e receptivo"
"421";"313120";"Técnico de manutenção elétrica"
"422";"354210";"Supervisor de compras"
"423";"354820";"Organizador de evento"
"424";"410235";"Supervisor de tesouraria"
"425";"763010";"Costureira de peças sob encomenda"
"426";"782410";"Motorista de ônibus urbano"
"427";"761410";"Estampador de tecido"
"428";"516310";"Lavador de roupas a maquina"
"429";"422215";"Monitor de teleatendimento"
"430";"313505";"Técnico em fotônica"
"431";"223660";"Fisioterapeuta do trabalho"
"432";"351505";"Técnico em secretariado"
"433";"517310";"Agente de segurança"
"434";"203320";"Pesquisador em saúde coletiva"
"435";"716610";"Pintor de obras"
"436";"391125";"Técnico de planejamento de produção"
"437";"313415";"Encarregado de manutenção de instrumentos de controle, medição e similares"
"438";"123805";"Diretor de manutenção"
"439";"234668";"Professor de línguas estrangeiras modernas"
"440";"514205";"Coletor de lixo domiciliar"
"441";"122620";"Diretor de operações de serviços de transporte"
"442";"232105";"Professor de artes no ensino médio"
"443";"333115";"Professores de cursos livres"
"444";"810305";"Mestre de produção farmacêutica"
"445";"262615";"Músico regente"
"446";"313410";"Técnico em instrumentação"
"447";"252310";"Secretário bilíngüe"
"448";"515305";"Educador social"
"449";"516320";"Limpador a seco, a máquina"
"450";"516410";"Limpador de roupas a seco, a mão"
"451";"131110";"Diretor de serviços sociais"
"452";"123705";"Diretor de Pesquisa e Desenvolvimento (P&D)"
"453";"203020";"Pesquisador em biologia humana"
"454";"213165";"Físico (partículas e campos)"
"455";"214105";"Arquiteto de edificações"
"456";"2231F8";"Médico em medicina preventiva e social"
"457";"224135";"Treinador profissional de futebol"
"458";"232115";"Professor de disciplinas pedagógicas no ensino médio"
"459";"234430";"Professor de fonoaudiologia"
"460";"234435";"Professor de medicina"
"461";"234450";"Professor de odontologia"
"462";"234760";"Professor de psicologia do ensino superior"
"463";"253125";"Analista de pesquisa de mercado"
"464";"325310";"Técnico em imunobiológicos"
"465";"332205";"Professor prático no ensino profissionalizante"
"466";"371205";"Colecionador de selos e moedas"
"467";"410215";"Supervisor de contas a pagar"
"468";"723310";"Pintor a pincel e rolo (exceto obras e estruturas metálicas)"
"469";"724110";"Encanador"
"470";"766150";"Operador de processo de tratamento de imagem"
"471";"770110";"Mestre carpinteiro"
"472";"911305";"Mecânico de manutenção de máquinas, em geral"
"473";"992220";"Pedreiro de conservação de vias permanentes (exceto trilhos)"
"474";"516325";"Passador de roupas em geral"
"475";"782405";"Motorista de ônibus rodoviário"
"476";"234510";"Professor de ensino superior na área de orientação educacional"
"477";"818110";"Auxiliar de laboratório de análises físico-químicas"
"478";"214305";"Engenheiro eletricista"
"479";"214275";"Engenheiro ambiental"
"480";"223620";"Terapeuta ocupacional"
"481";"251215";"Economista financeiro"
"482";"622020";"Trabalhador volante da agricultura"
"483";"234205";"Professor de física (ensino superior)"
"484";"318405";"Desenhista técnico (artes gráficas)"
"485";"141420";"Gerente de operações de serviços de assistência técnica"
"486";"410220";"Supervisor de controle patrimonial"
"487";"519105";"Ciclista mensageiro"
"488";"992205";"Encarregado geral de operações de conservação de vias permanentes (exceto trilhos)"
"489";"354815";"Agente de viagem"
"490";"214315";"Engenheiro eletricista de manutenção"
"491";"114405";"Dirigente e administrador de organização da sociedade civil sem fins lucrativos"
"492";"214115";"Arquiteto de patrimônio"
"493";"223910";"Ortoptista"
"494";"233225";"Professor instrutor de ensino e aprendizagem em serviços"
"495";"422210";"Teleoperador"
"496";"752320";"Ceramista modelador"
"497";"771110";"Modelador de madeira"
"498";"234765";"Professor de serviço social do ensino superior"
"499";"322125";"Terapeuta holístico"
"500";"234445";"Professor de nutrição"
"501";"318105";"Desenhista técnico (arquitetura)"
"502";"318505";"Desenhista projetista de arquitetura"
"503";"413205";"Atendente de agência"
"504";"223645";"Fisioterapeuta quiropraxista"
"505";"613010";"Criador de animais domésticos"
"506";"262120";"Produtor de teatro"
"507";"262710";"Músico intérprete instrumentista"
"508";"761205";"Operador de abertura (fiação)"
"509";"821215";"Forneiro e operador (forno elétrico)"
"510";"763325";"Passadeira de peças confeccionadas"
"511";"410225";"Supervisor de crédito e cobrança"
"512";"321105";"Técnico agrícola"
"513";"821105";"Operador de centro de controle"
"514";"142305";"Gerente comercial"
"515";"201115";"Geneticista"
"516";"231105";"Professor de nível superior na educação infantil (quatro a seis anos)"
"517";"233105";"Professor da área de meio ambiente"
"518";"234405";"Professor de ciências biológicas do ensino superior"
"519";"328105";"Embalsamador"
"520";"331205";"Professor de nível médio no ensino fundamental"
"521";"331305";"Professor de nível médio no ensino profissionalizante"
"522";"420135";"Supervisor de telemarketing e atendimento"
"523";"421305";"Cobrador externo"
"524";"910205";"Supervisor da manutenção e reparação de veículos leves"
"525";"223640";"Fisioterapeuta osteopata"
"526";"422125";"Recepcionista de banco"
"527";"768205";"Bordador, a mão"
"528";"515310";"Agente de ação social"
"529";"351725";"Inspetor de risco"
"530";"768320";"Sapateiro (calçados sob medida)"
"531";"251610";"Economista doméstico"
"532";"761348";"Operador de engomadeira de urdume"
"533";"213150";"Físico (medicina)"
"534";"111505";"Especialista de políticas públicas e gestão governamental - EPPGG"
"535";"215120";"Coordenador de operações de combate à poluição no meio aquaviário"
"536";"376205";"Acrobata"
"537";"510105";"Supervisor de transportes"
"538";"352415";"Ouvidor (ombudsman) do meio de comunicação"
"539";"311505";"Técnico de controle de meio ambiente"
"540";"251515";"Psicólogo do esporte"
"541";"211210";"Estatístico (estatística aplicada)"
"542";"848520";"Magarefe"
"543";"251405";"Filósofo"
"544";"254305";"Auditor-fiscal do trabalho"
"545";"768625";"Pintor de letreiros"
"546";"376215";"Artista de circo (outros)"
"547";"141410";"Comerciante varejista"
"548";"142410";"Gerente de suprimentos"
"549";"213105";"Físico"
"550";"223515";"Enfermeiro de bordo"
"551";"232155";"Professor de matemática no ensino médio"
"552";"252545";"Analista financeiro (instituições financeiras)"
"553";"313310";"Técnico de rede (telecomunicações)"
"554";"313315";"Técnico de telecomunicações (telefonia)"
"555";"314110";"Técnico mecânico"
"556";"351405";"Escrevente"
"557";"354705";"Representante comercial autônomo"
"558";"516505";"Agente funerário"
"559";"517405";"Porteiro (hotel)"
"560";"832120";"Operador de máquina de fabricar papel (fase seca)"
"561";"862120";"Operador de caldeira"
"562";"773110";"Operador de serras no desdobramento de madeira"
"563";"914305";"Mecânico de manutenção de veículos ferroviários"
"564";"241015";"Advogado (direito civil)"
"565";"312320";"Topógrafo"
"566";"317105";"Programador de internet"
"567";"716405";"Gesseiro"
"568";"763205";"Costureiro de roupas de couro e pele, a máquina na confecção em série"
"569";"415130";"Operador de máquina copiadora (exceto operador de gráfica rápida)"
"570";"514220";"Limpador de vidros"
"571";"516215";"Mae social"
"572";"234425";"Professor de fisioterapia"
"573";"214405";"Engenheiro mecânico"
"574";"111405";"Dirigente do serviço público federal"
"575";"141405";"Comerciante atacadista"
"576";"783105";"Agente de pátio"
"577";"201105";"Bioengenheiro"
"578";"221555";NA
"579";"214110";"Arquiteto de interiores"
"580";"351720";"Assistente técnico de seguros"
"581";"731320";"Instalador-reparador de linhas e aparelhos de telecomunicações"
"582";"214260";"Engenheiro civil (saneamento)"
"583";"241010";"Advogado de empresa"
"584";"141305";"Gerente de produção e operações da construção civil e obras públicas"
"585";"811810";"Drageador (medicamentos)"
"586";"314115";"Técnico mecânico (calefação, ventilação e refrigeração)"
"587";"519910";"Controlador de pragas"
"588";"354120";"Agente de vendas de serviços"
"589";"131320";"Gerente de serviços educacionais da área pública"
"590";"141605";"Gerente de operações de transportes"
"591";"253215";"Gerente de contas - pessoa física e jurídica"
"592";"517115";"Salva-vidas"
"593";"421105";"Atendente comercial (agência postal)"
"594";"203010";"Pesquisador em biologia animal"
"595";"231310";"Professor de educação artística do ensino fundamental"
"596";"391210";"Técnico de garantia da qualidade"
"597";"421310";"Cobrador interno"
"598";"524105";"Vendedor em domicílio"
"599";"3222E3";"Técnico Perfusionista"
"600";"768115";"Tricoteiro, a mão"
"601";"142605";"Gerente de Pesquisa e Desenvolvimento (P&D)"
"602";"373110";"Operador de central de rádio"
"603";"519935";"Lavador de veículos"
"604";"351430";"Auxiliar de serviços jurídicos"
"605";"325305";"Técnico em biotecnologia"
"606";"142310";"Gerente de comunicação"
"607";"320110";"Técnico em histologia"
"608";"239420";"Professor de técnicas e recursos audiovisuais"
"609";"519925";"Guardador de veículos"
"610";"201110";"Biotecnologista"
"611";"372205";"Operador de rede de teleprocessamento"
"612";"203510";"Pesquisador em economia"
"613";"782820";"Condutor de veículos a pedais"
"614";"848305";"Padeiro"
"615";"516415";"Passador de roupas, a mão"
"616";"231325";"Professor de história do ensino fundamental"
"617";"765405";"Trabalhador do acabamento de artefatos de tecidos e couros"
"618";"214530";"Engenheiro químico (utilidades e meio ambiente)"
"619";"213210";"Químico industrial"
"620";"214265";"Engenheiro civil (túneis)"
"621";"253115";"Agente publicitário"
"622";"254205";"Auditor-fiscal da previdência social"
"623";"301105";"Técnico de laboratório industrial"
"624";"341315";"Eletricista de bordo"
"625";"421115";"Bilheteiro no serviço de diversões"
"626";"511405";"Guia de turismo"
"627";"763320";"Operador de máquina de costura de acabamento"
"628";"848505";"Abatedor"
"629";"373105";"Operador de áudio de continuidade (rádio)"
"630";"422315";"Operador de telemarketing receptivo"
"631";"763125";"Ajudante de confecção"
"632";"342205";"Ajudante de despachante aduaneiro"
"633";"641005";"Operador de colheitadeira"
"634";"314120";"Técnico mecânico (máquinas)"
"635";"313205";"Técnico de manutenção eletrônica"
"636";"242405";"Defensor público"
"637";"831115";"Operador de digestor de pasta para fabricação de papel"
"638";"214125";"Arquiteto urbanista"
"639";"241040";"Consultor jurídico"
"640";"411020";"Auxiliar de judiciário"
"641";"620110";"Supervisor de exploração agropecuária"
"642";"241035";"Advogado (direito do trabalho)"
"643";"514215";"Varredor de rua"
"644";"300305";"Técnico em eletromecânica"
"645";"131305";"Diretor de instituição educacional da área privada"
"646";"131310";"Diretor de instituição educacional pública"
"647";"214910";"Engenheiro de controle de qualidade"
"648";"234110";"Professor de matemática pura (no ensino superior)"
"649";"252530";"Analista de crédito rural"
"650";"263110";"Missionário"
"651";"313115";"Eletroténico na fabricação, montagem e instalação de máquinas e equipamentos"
"652";"314205";"Técnico mecânico na fabricação de ferramentas"
"653";"371110";"Técnico em biblioteconomia"
"654";"373205";"Técnico em operação de equipamentos de produção para televisão e produtoras de vídeo"
"655";"373220";"Supervisor técnico operacional de sistemas de televisão e produtoras de vídeo"
"656";"413105";"Analista de folha de pagamento"
"657";"510305";"Supervisor de bombeiros"
"658";"513405";"Garçom"
"659";"710205";"Mestre (construção civil)"
"660";"724440";"Serralheiro"
"661";"725705";"Mecânico de refrigeração"
"662";"731305";"Instalador-reparador de equipamentos de comutação em telefonia"
"663";"765235";"Estofador de móveis"
"664";"784205";"Alimentador de linha de produção"
"665";"322110";"Podólogo"
"666";"123410";"Diretor de suprimentos no serviço público"
"667";"377105";"Atleta profissional (outras modalidades)"
"668";"515320";"Conselheiro tutelar"
"669";"203210";"Pesquisador de engenharia e tecnologia (outras áreas da engenharia)"
"670";"513310";"Camareira de televisão"
"671";"142320";"Gerente de vendas"
"672";"214335";"Engenheiro de manutenção de telecomunicações"
"673";"233125";"Professor de técnicas de enfermagem"
"674";"351115";"Consultor contábil (técnico)"
"675";"376325";"Apresentador de circo"
"676";"513115";"Governanta de hotelaria"
"677";"513315";"Camareiro de hotel"
"678";"520105";"Supervisor de vendas de serviços"
"679";"763215";"Costureiro, a máquina na confecção em série"
"680";"784115";"Operador de máquina de etiquetar"
"681";"840105";"Supervisor de produção da indústria alimentícia"
"682";"919205";"Mecânico de manutenção de máquinas cortadoras de grama, roçadeiras, motosserras e similares"
"683";"950110";"Supervisor de manutenção eletromecânica industrial, comercial e predial"
"684";"351315";"Agente de recrutamento e seleção"
"685";"233210";"Instrutor de aprendizagem e treinamento industrial"
"686";"321110";"Técnico agropecuário"
"687";"203505";"Pesquisador em ciências sociais e humanas"
"688";"915105";"Técnico em manutenção de instrumentos de medição e precisão"
"689";"516210";"Cuidador de idosos"
"690";"231210";"Professor de nível superior do ensino fundamental (primeira a quarta série)"
"691";"252525";"Analista de crédito (instituições financeiras)"
"692";"253120";"Analista de negócios"
"693";"354415";"Avaliador de bens móveis"
"694";"371405";"Recreador de acantonamento"
"695";"514115";"Sacristão"
"696";"261140";"Revisor de texto"
"697";"954120";"Mecânico de manutenção de instalações mecânicas de edifícios"
"698";"313105";"Eletrotécnico"
"699";"613120";"Criador de bubalinos (corte)"
"700";"142525";"Gerente de segurança de tecnologia da informação"
"701";"516610";"Sepultador"
"702";"203110";"Pesquisador em ciências da terra e meio ambiente"
"703";"234735";"Professor de filosofia do ensino superior"
"704";"950105";"Supervisor de manutenção elétrica de alta tensão industrial"
"705";"214905";"Engenheiro de produção"
"706";"214320";"Engenheiro eletricista de projetos"
"707";"141505";"Gerente de hotel"
"708";"261625";"Editor de revista científica"
"709";"517110";"Bombeiro de segurança do trabalho"
"710";"251305";"Geógrafo"
"711";"239430";"Supervisor de ensino"
"712";"510120";"Chefe de portaria de hotel"
"713";"414210";"Apontador de produção"
"714";"517105";"Bombeiro de aeródromo"
"715";"142515";"Gerente de produção de tecnologia da informação"
"716";"354140";"Técnico em atendimento e vendas"
"717";"841440";"Esterilizador de alimentos"
"718";"342105";"Analista de transporte em comércio exterior"
"719";"521110";"Vendedor de comércio varejista"
"720";"232135";"Professor de geografia no ensino médio"
"721";"611005";"Produtor agropecuário, em geral"
"722";"391215";"Operador de inspeção de qualidade"
"723";"717025";"Vibradorista"
"724";"521105";"Vendedor em comércio atacadista"
"725";"524215";"Vendedor permissionário"
"726";"524305";"Vendedor ambulante"
"727";"2231G1";"Médico Cardiologista Intervencionista"
"728";"234915";"Professor de música no ensino superior"
"729";"030205";"Capitão Bombeiro Militar"
"730";"213140";"Físico (matéria condensada)"
"731";"234120";"Professor de computação (no ensino superior)"
"732";"203315";"Pesquisador em medicina veterinária"
"733";"862305";"Operador de estação de tratamento de água e efluentes"
"734";"224110";"Ludomotricista"
"735";"131115";"Gerente de serviços culturais"
"736";"414110";"Armazenista"
"737";"351310";"Técnico em administração de comércio exterior"
"738";"123210";"Diretor de relações de trabalho"
"739";"241315";"Oficial do registro civil de pessoas naturais"
"740";"782705";"Marinheiro de convés (marítimo e fluviário)"
"741";"234810";"Professor de administração"
"742";"741110";"Montador de instrumentos de óptica"
"743";"911205";"Mecânico de manutenção e instalação de aparelhos de climatização e refrigeração"
"744";"352410";"Avaliador de produtos do meio de comunicação"
"745";"411025";"Auxiliar de cartório"
"746";"214510";"Engenheiro químico (indústria química)"
"747";"241235";"Procurador fundacional"
"748";"142110";"Gerente de riscos"
"749";"762305";"Estirador de couros e peles (acabamento)"
"750";"766145";"Operador de sistemas de prova (analógico e digital)"
"751";"353230";"Tesoureiro de banco"
"752";"422120";"Recepcionista de hotel"
"753";"766230";"Impressor digital"
"754";"232170";"Professor de sociologia no ensino médio"
"755";"262705";"Músico intérprete cantor"
"756";"519930";"Lavador de garrafas, vidros e outros utensílios"
"757";"222105";"Engenheiro agrícola"
"758";"262330";"Diretor de arte"
"759";"252315";"Secretária trilíngüe"
"760";"318305";"Desenhista técnico (eletricidade e eletrônica)"
"761";"141710";"Gerente de agência"
"762";"2335C3";NA
"763";"311710";"Colorista têxtil"
"764";"724115";"Instalador de tubulações"
"765";"725010";"Ajustador mecânico"
"766";"341105";"Piloto comercial (exceto linhas aéreas)"
"767";"391105";"Cronoanalista"
"768";"222120";"Engenheiro florestal"
"769";"751120";"Laminador de metais preciosos a mão"
"770";"213115";"Físico (atômica e molecular)"
"771";"950205";"Encarregado de manutenção elétrica de veículos"
"772";"722315";"Moldador, a mão"
"773";"954305";"Reparador de equipamentos de escritório"
"774";"234440";"Professor de medicina veterinária"
"775";"262220";"Diretor teatral"
"776";"520110";"Supervisor de vendas comercial"
"777";"992210";"Encarregado de equipe de conservação de vias permanentes (exceto trilhos)"
"778";"911110";"Mecânico de manutenção de bombas"
"779";"232160";"Professor de psicologia no ensino médio"
"780";"231335";"Professor de língua portuguesa do ensino fundamental"
"781";"234505";"Professor de ensino superior na área de didática"
"782";"766315";"Operador de acabamento (indústria gráfica)"
"783";"783210";"Carregador (armazém)"
"784";"783220";"Estivador"
"785";"862505";"Operador de instalação de refrigeração"
"786";"414205";"Apontador de mão-de-obra"
"787";"516105";"Barbeiro"
"788";"621005";"Trabalhador agropecuário em geral"
"789";"783110";"Manobrador"
"790";"761240";"Operador de maçaroqueira"
"791";"991410";"Conservador de fachadas"
"792";"010315";"Praça da Marinha"
"793";"122615";"Diretor de operações de serviços de telecomunicações"
"794";"123310";"Diretor de marketing"
"795";"123405";"Diretor de suprimentos"
"796";"142520";"Gerente de projetos de tecnologia da informação"
"797";"212210";"Engenheiro de equipamentos em computação"
"798";"214310";"Engenheiro eletrônico"
"799";"214325";"Engenheiro eletrônico de manutenção"
"800";"214605";"Engenheiro de materiais"
"801";"214920";"Engenheiro de riscos"
"802";"215105";"Agente de manobra e docagem"
"803";"252515";"Analista de cobrança (instituições financeiras)"
"804";"261210";"Documentalista"
"805";"314105";"Técnico em mecânica de precisão"
"806";"314615";"Técnico em estruturas metálicas"
"807";"314705";"Técnico de acabamento em siderurgia"
"808";"332105";"Professor leigo no ensino fundamental"
"809";"334105";"Inspetor de alunos de escola privada"
"810";"354110";"Agenciador de propaganda"
"811";"354125";"Assistente de vendas"
"812";"371310";"Técnico gráfico"
"813";"391120";"Planejista"
"814";"413210";"Caixa de banco"
"815";"420130";"Supervisor de telefonistas"
"816";"510110";"Administrador de edifícios"
"817";"513325";"Guarda-roupeira de cinema"
"818";"516120";"Manicure"
"819";"517220";"Agente de trânsito"
"820";"519205";"Catador de material reciclável"
"821";"643025";"Trabalhador na operação de sistemas de irrigação por superfície e drenagem"
"822";"715125";"Operador de máquinas de construção civil e mineração"
"823";"715140";"Operador de pavimentadora (asfalto, concreto e materiais similares)"
"824";"715230";"Pedreiro de edificações"
"825";"715510";"Carpinteiro (esquadrias)"
"826";"720135";"Mestre de pintura (tratamento de superfícies)"
"827";"721430";"Operador de torno com comando numérico"
"828";"724315";"Soldador"
"829";"760605";"Supervisor das artes gráficas (indústria editorial e gráfica)"
"830";"763005";"Alfaiate"
"831";"766155";"Programador visual gráfico"
"832";"783215";"Carregador (veículos de transportes terrestres)"
"833";"821415";"Marcador de produtos (siderúrgico e metalúrgico)"
"834";"862155";"Operador de utilidade (produção e distribuição de vapor, gás, óleo, combustível, energia, oxig"
"835";"911105";"Mecânico de manutenção de bomba injetora (exceto de veículos automotores)"
"836";"914405";"Mecânico de manutenção de automóveis, motocicletas e veículos similares"
"837";"991415";"Limpador de fachadas"
"838";"211110";"Especialista em pesquisa operacional"
"839";"391135";"Técnico de matéria-prima e material"
"840";"723315";"Pintor de estruturas metálicas"
"841";"319110";"Técnico em confecções do vestuário"
"842";"760115";"Contramestre de malharia (indústria têxtil)"
"843";"732130";"Instalador-reparador de redes telefônicas e de comunicação de dados"
"844";"342115";"Controlador de serviços de máquinas e veículos"
"845";"351740";"Técnico de seguros"
"846";"415115";"Codificador de dados"
"847";"511205";"Fiscal de transportes coletivos (exceto trem)"
"848";"262610";"Músico arranjador"
"849";"413230";"Operador de cobrança bancária"
"850";"212205";"Engenheiro de aplicativos em computação"
"851";"860105";"Supervisor de manutenção eletromecânica (utilidades)"
"852";"623005";"Adestrador de animais"
"853";"782315";"Motorista de táxi"
"854";"776430";"Vassoureiro"
"855";"811650";"Operador de sistema de reversão (coqueria)"
"856";"233115";"Professor de técnicas agrícolas"
"857";"391115";"Controlador de entrada e saída"
"858";"841484";"Trabalhador de preparação de pescados (limpeza)"
"859";"517205";"Agente de polícia federal"
"860";"722310";"Macheiro, a máquina"
"861";"723110";"Normalizador de metais e de compósitos"
"862";"782625";"Auxiliar de maquinista de trem"
"863";"833105";"Cartonageiro, a máquina"
"864";"776425";"Esteireiro"
"865";"203115";"Pesquisador em física"
"866";"261410";"Intérprete"
"867";"251105";"Antropólogo"
"868";"351515";"Estenotipista"
"869";"353225";"Técnico de operações e serviços bancários - renda fixa e variável"
"870";"811805";"Operador de máquina de produtos farmacêuticos"
"871";"214240";"Engenheiro civil (hidráulica)"
"872";"314610";"Técnico em caldeiraria"
"873";"342210";"Despachante aduaneiro"
"874";"510115";"Supervisor de andar"
"875";"721115";"Modelador de metais (fundição)"
"876";"721215";"Operador de máquinas-ferramenta convencionais"
"877";"862515";"Operador de instalação de ar-condicionado"
"878";"950305";"Supervisor de manutenção eletromecânica"
"879";"213405";"Geólogo"
"880";"233110";"Professor de desenho técnico"
"881";"514230";"Coletor de resíduos sólidos de serviços de saúde"
"882";"261425";"Intérprete de língua de sinais"
"883";"773105";"Cortador de laminados de madeira"
"884";"910120";"Supervisor de manutenção de máquinas gráficas"
"885";"233220";"Professor instrutor de ensino e aprendizagem agroflorestal"
"886";"031110";"Sargento Bombeiro Militar"
"887";"031210";"Soldado Bombeiro Militar"
"888";"214805";"Engenheiro agrimensor"
"889";"122305";"Diretor de operações de obras pública e civil"
"890";"253305";"Corretor de valores, ativos financeiros, mercadorias e derivativos"
"891";"724410";"Caldeireiro (chapas de ferro e aço)"
"892";"862205";"Operador de estação de captação, tratamento e distribuição de água"
"893";"111120";"Vereador"
"894";"311305";"Técnico em materiais, produtos cerâmicos e vidros"
"895";"372115";"Operador de câmera de televisão"
"896";"030305";"Tenente do Corpo de Bombeiros Militar"
"897";"111255";"Vice-Prefeito"
"898";"111410";"Dirigente do serviço público estadual e distrital"
"899";"731110";"Montador de equipamentos eletrônicos (computadores e equipamentos auxiliares)"
"900";"514305";"Limpador de vidros"
"901";"114305";"Dirigente e administrador de organização religiosa"
"902";"732120";"Instalador de linhas elétricas de alta e baixa-tensão (rede aérea e subterrânea)"
"903";"951305";"Instalador de sistemas eletroeletrônicos de segurança"
"904";"234520";"Professor de ensino superior na área de prática de ensino"
"905";"373125";"Operador de transmissor de rádio"
"906";"141415";"Gerente de loja e supermercado"
"907";"954125";"Operador eletromecânico"
"908";"252215";"Perito contábil"
"909";"513110";"Mordomo de hotelaria"
"910";"301205";"Técnico de apoio à bioengenharia"
"911";"395105";"Técnico de apoio em pesquisa e desenvolvimento (exceto agropecuário e florestal)"
"912";"517315";"Agente de segurança penitenciária"
"913";"320105";"Técnico em bioterismo"
"914";"424105";"Entrevistador censitário e de pesquisas amostrais"
"915";"141720";"Gerente de crédito e cobrança"
"916";"720155";"Mestre serralheiro"
"917";"841505";"Trabalhador de tratamento do leite e fabricação de laticínios e afins"
"918";"232130";"Professor de física no ensino médio"
"919";"234515";"Professor de ensino superior na área de pesquisa educacional"
"920";"334110";"Inspetor de alunos de escola pública"
"921";"516205";"Babá"
"922";"253210";"Gerente de clientes especiais (private)"
"923";"422320";"Operador de telemarketing técnico"
"924";"774105";"Montador de móveis e artefatos de madeira"
"925";"231305";"Professor de ciências exatas e naturais do ensino fundamental"
"926";"211105";"Atuário"
"927";"212215";"Engenheiros de sistemas operacionais em computação"
"928";"354605";"Corretor de imóveis"
"929";"203515";"Pesquisador em ciências da educação"
"930";"131105";"Diretor de serviços culturais"
"931";"203310";"Pesquisador de medicina básica"
"932";"213120";"Físico (cosmologia)"
"933";"311515";"Técnico de utilidade (produção e distribuição de vapor, gases, óleos, combustíveis, energia)"
"934";"313405";"Técnico em calibração"
"935";"318010";"Desenhista copista"
"936";"354305";"Analista de exportação e importação"
"937";"374105";"Técnico em gravação de áudio"
"938";"415205";"Carteiro"
"939";"523115";"Chaveiro"
"940";"715315";"Armador de estrutura de concreto armado"
"941";"721210";"Operador de máquinas operatrizes"
"942";"725105";"Montador de máquinas, motores e acessórios (montagem em série)"
"943";"741105";"Ajustador de instrumentos de precisão"
"944";"373215";"Técnico em operação de equipamentos de transmissão/recepção de televisão"
"945";"723330";"Pintor, a pistola (exceto obras e estruturas metálicas)"
"946";"122405";"Diretor de operações comerciais (comércio atacadista e varejista)"
"947";"514315";"Limpador de fachadas"
"948";"203125";"Pesquisador em química"
"949";"252505";"Administrador de fundos e carteiras de investimento"
"950";"517320";"Vigia florestal"
"951";"766250";"Impressor tipográfico"
"952";"768605";"Tipógrafo"
"953";"848310";"Confeiteiro"
"954";"848315";"Masseiro (massas alimentícias)"
"955";"848510";"Açougueiro"
"956";"262505";"Ator"
"957";"811420";"Operador de aparelho de reação e conversão (produtos químicos, exceto petróleo)"
"958";"731105";"Montador de equipamentos eletrônicos (aparelhos médicos)"
"959";"122705";"Diretor comercial em operações de intermediação financeira"
"960";"312305";"Técnico em agrimensura"
"961";"342310";"Inspetor de serviços de transportes rodoviários (passageiros e cargas)"
"962";"231340";"Professor de matemática do ensino fundamental"
"963";"914425";"Mecânico de veículos automotores a diesel (exceto tratores)"
"964";"141705";"Gerente de produtos bancários"
"965";"513105";"Mordomo de residência"
"966";"352405";"Agente de direitos autorais"
"967";"513415";"Cumim"
"968";"716615";"Revestidor de interiores (papel, material plástico e emborrachados)"
"969";"722105";"Forjador"
"970";"765110";"Cortador de tapeçaria"
"971";"766410";"Revelador de filmes fotográficos, em preto e branco"
"972";"354505";"Corretor de seguros"
"973";"725605";"Montador de estruturas de aeronaves"
